dataset,family,detector_train,development,calibration,locked_test,total
unsw,Benign,482795,144836,144839,193121,965591
unsw,Exploits,19328,5849,5874,7740,38791
unsw,Fuzzers,12808,3811,3756,5213,25588
unsw,Reconnaissance,5587,1722,1735,2243,11287
unsw,DoS,2540,750,730,1027,5047
unsw,Generic,2450,719,667,924,4760
unsw,Backdoor,1728,547,494,681,3450
unsw,Shellcode,828,200,214,343,1585
unsw,Analysis,606,224,200,196,1226
unsw,Worms,65,21,26,24,136
ton,xss,768946,229860,229882,309199,1537887
ton,Benign,468592,142264,141275,186711,938842
ton,password,344525,103597,103468,138006,689596
ton,ddos,224732,66832,67752,89672,448988
ton,injection,168072,50097,50306,67092,335567
ton,dos,21312,6401,6392,8534,42639
ton,scanning,19153,4632,5228,6902,35915
ton,Backdoor,9975,2995,2996,3989,19955
ton,mitm,2147,884,367,1266,4664
ton,ransomware,1346,406,407,524,2683
