dataset,role,benign,attack,rows,attack_share,target_share,achieved_share
unsw,detector_train,483008,47711,530719,0.0899,0.5,0.4999
unsw,development,144903,14433,159336,0.0906,0.15,0.1501
unsw,calibration,144903,14330,159233,0.09,0.15,0.15
unsw,locked_test,193203,19106,212309,0.09,0.2,0.2
ton,detector_train,471895,1556435,2028330,0.7673,0.5,0.4999
ton,development,140961,467974,608935,0.7685,0.15,0.1501
ton,calibration,139804,468392,608196,0.7701,0.15,0.1499
ton,locked_test,186309,625332,811641,0.7705,0.2,0.2001
cic2018,detector_train,4009850,382792,4392642,0.0871,0.5,0.4999
cic2018,development,1202968,114117,1317085,0.0866,0.15,0.1499
cic2018,calibration,1202957,121112,1324069,0.0915,0.15,0.1507
cic2018,locked_test,1603965,148532,1752497,0.0848,0.2,0.1995
