dataset,family,y,rows_read,zero_duration_rows
unsw,Benign,0,2237731,86704
unsw,Fuzzers,1,33816,8228
unsw,Exploits,1,42748,3932
unsw,Backdoor,1,4659,1208
unsw,Reconnaissance,1,17074,5783
unsw,Generic,1,19651,14891
unsw,DoS,1,5980,930
unsw,Shellcode,1,2381,795
unsw,Analysis,1,1226,0
unsw,Worms,1,158,22
ton,Benign,0,16792214,0
ton,scanning,1,1358977,0
ton,dos,1,203456,0
ton,injection,1,381777,0
ton,ddos,1,4141256,0
ton,password,1,1594777,0
ton,xss,1,2834435,0
ton,ransomware,1,3971,0
ton,Backdoor,1,203384,0
ton,mitm,1,6013,0
