dataset,feature,min,max,n_missing,n_zero,constant
unsw,PROTOCOL,0.0,255.0,0,6,False
unsw,L7_PROTO,0.0,421.0,0,140572,False
unsw,IN_BYTES,1.0,27020934.0,0,0,False
unsw,OUT_BYTES,0.0,14656752.0,0,66121,False
unsw,IN_PKTS,1.0,20166.0,0,0,False
unsw,OUT_PKTS,0.0,11024.0,0,66121,False
unsw,FLOW_DURATION_MILLISECONDS,0.0,120948.0,0,122493,False
unsw,TCP_FLAGS,0.0,31.0,0,560161,False
unsw,CLIENT_TCP_FLAGS,0.0,31.0,0,560165,False
unsw,SERVER_TCP_FLAGS,0.0,31.0,0,565306,False
unsw,DURATION_IN,0.0,120948.0,0,450171,False
unsw,DURATION_OUT,0.0,120922.0,0,494899,False
unsw,MIN_TTL,0.0,255.0,0,27147,False
unsw,MAX_TTL,0.0,255.0,0,27147,False
unsw,LONGEST_FLOW_PKT,28.0,1508.0,0,0,False
unsw,SHORTEST_FLOW_PKT,28.0,1508.0,0,0,False
unsw,MIN_IP_PKT_LEN,0.0,680.0,0,66121,False
unsw,MAX_IP_PKT_LEN,28.0,1508.0,0,0,False
unsw,SRC_TO_DST_SECOND_BYTES,0.0,4412.0,122493,125189,False
unsw,DST_TO_SRC_SECOND_BYTES,0.0,8712.0,122493,122493,False
unsw,RETRANSMITTED_IN_BYTES,0.0,13510379.0,0,608741,False
unsw,RETRANSMITTED_IN_PKTS,0.0,10081.0,0,608741,False
unsw,RETRANSMITTED_OUT_BYTES,0.0,7328208.0,0,693971,False
unsw,RETRANSMITTED_OUT_PKTS,0.0,5508.0,0,693971,False
unsw,SRC_TO_DST_AVG_THROUGHPUT,11.0,36000000.0,0,0,False
unsw,DST_TO_SRC_AVG_THROUGHPUT,0.0,23530666.0,0,66121,False
unsw,NUM_PKTS_UP_TO_128_BYTES,0.0,3840.0,0,34516,False
unsw,NUM_PKTS_128_TO_256_BYTES,0.0,298.0,0,1750387,False
unsw,NUM_PKTS_256_TO_512_BYTES,0.0,2564.0,0,1640316,False
unsw,NUM_PKTS_512_TO_1024_BYTES,0.0,642.0,0,1900127,False
unsw,NUM_PKTS_1024_TO_1514_BYTES,0.0,17500.0,0,1394132,False
unsw,TCP_WIN_MAX_IN,0.0,65533.0,0,605987,False
unsw,TCP_WIN_MAX_OUT,0.0,65531.0,0,562538,False
unsw,ICMP_TYPE,0.0,65285.0,0,610688,False
unsw,ICMP_IPV4_TYPE,0.0,255.0,0,610692,False
unsw,DNS_QUERY_TYPE,0.0,55937.0,0,1984902,False
unsw,DNS_TTL_ANSWER,0.0,4283358309.0,0,1998784,False
unsw,FTP_COMMAND_RET_CODE,0.0,501.0,0,1925298,False
unsw,SRC_TO_DST_IAT_MIN,0.0,60598.0,0,2363969,False
unsw,SRC_TO_DST_IAT_MAX,0.0,60598.0,0,433588,False
unsw,SRC_TO_DST_IAT_AVG,0.0,30299.0,0,1233856,False
unsw,SRC_TO_DST_IAT_STDDEV,0.0,30299.0,0,1068148,False
unsw,DST_TO_SRC_IAT_MIN,0.0,1490.0,0,2365202,False
unsw,DST_TO_SRC_IAT_MAX,0.0,60598.0,0,482655,False
unsw,DST_TO_SRC_IAT_AVG,0.0,20199.0,0,1272078,False
unsw,DST_TO_SRC_IAT_STDDEV,0.0,28566.0,0,1070180,False
ton,PROTOCOL,1.0,58.0,0,0,False
ton,L7_PROTO,0.0,401.0,0,8452498,False
ton,IN_BYTES,4.0,79846944.0,0,0,False
ton,OUT_BYTES,0.0,70221306.0,0,11838182,False
ton,IN_PKTS,1.0,1220131.0,0,0,False
ton,OUT_PKTS,0.0,1350048.0,0,11838182,False
ton,FLOW_DURATION_MILLISECONDS,1.0,120999.0,0,0,False
ton,TCP_FLAGS,0.0,219.0,0,4644270,False
ton,CLIENT_TCP_FLAGS,0.0,219.0,0,4644285,False
ton,SERVER_TCP_FLAGS,0.0,31.0,0,14178418,False
ton,DURATION_IN,0.0,120999.0,0,21603623,False
ton,DURATION_OUT,0.0,120989.0,0,22780804,False
ton,MIN_TTL,0.0,255.0,0,18492406,False
ton,MAX_TTL,0.0,255.0,0,18492406,False
ton,LONGEST_FLOW_PKT,28.0,3990.0,0,0,False
ton,SHORTEST_FLOW_PKT,28.0,3990.0,0,0,False
ton,MIN_IP_PKT_LEN,0.0,651.0,0,11838122,False
ton,MAX_IP_PKT_LEN,28.0,3990.0,0,0,False
ton,SRC_TO_DST_SECOND_BYTES,0.0,25265.0,0,19814126,False
ton,DST_TO_SRC_SECOND_BYTES,0.0,44304.0,0,15644638,False
ton,RETRANSMITTED_IN_BYTES,0.0,27436158.0,0,27090888,False
ton,RETRANSMITTED_IN_PKTS,0.0,20216.0,0,27090888,False
ton,RETRANSMITTED_OUT_BYTES,0.0,21150507.0,0,27237076,False
ton,RETRANSMITTED_OUT_PKTS,0.0,15163.0,0,27237076,False
ton,SRC_TO_DST_AVG_THROUGHPUT,3.0,372400000.0,0,0,False
ton,DST_TO_SRC_AVG_THROUGHPUT,0.0,229056000.0,0,11838182,False
ton,NUM_PKTS_UP_TO_128_BYTES,0.0,1361532.0,0,1549146,False
ton,NUM_PKTS_128_TO_256_BYTES,0.0,50551.0,0,25503318,False
ton,NUM_PKTS_256_TO_512_BYTES,0.0,61207.0,0,23648378,False
ton,NUM_PKTS_512_TO_1024_BYTES,0.0,667.0,0,25329276,False
ton,NUM_PKTS_1024_TO_1514_BYTES,0.0,46229.0,0,25049645,False
ton,TCP_WIN_MAX_IN,0.0,65535.0,0,5189761,False
ton,TCP_WIN_MAX_OUT,0.0,65535.0,0,16714391,False
ton,ICMP_TYPE,0.0,65280.0,0,26874845,False
ton,ICMP_IPV4_TYPE,0.0,255.0,0,26874850,False
ton,DNS_QUERY_TYPE,0.0,11828.0,0,23275172,False
ton,DNS_TTL_ANSWER,0.0,6048000.0,0,26392823,False
ton,FTP_COMMAND_RET_CODE,0.0,553.0,0,27432034,False
ton,SRC_TO_DST_IAT_MIN,0.0,60004.0,0,25002499,False
ton,SRC_TO_DST_IAT_MAX,0.0,60844.0,0,21744492,False
ton,SRC_TO_DST_IAT_AVG,0.0,60175.0,0,22055288,False
ton,SRC_TO_DST_IAT_STDDEV,0.0,30024.0,0,22917312,False
ton,DST_TO_SRC_IAT_MIN,0.0,60040.0,0,26401361,False
ton,DST_TO_SRC_IAT_MAX,0.0,60858.0,0,22925216,False
ton,DST_TO_SRC_IAT_AVG,0.0,60045.0,0,23186551,False
ton,DST_TO_SRC_IAT_STDDEV,0.0,29849.0,0,23311807,False
cic2018,PROTOCOL,1.0,58.0,0,0,False
cic2018,L7_PROTO,0.0,401.0,0,546309,False
cic2018,IN_BYTES,28.0,18597420.0,0,0,False
cic2018,OUT_BYTES,0.0,166468975.0,0,1975367,False
cic2018,IN_PKTS,1.0,309957.0,0,0,False
cic2018,OUT_PKTS,0.0,123117.0,0,1975367,False
cic2018,FLOW_DURATION_MILLISECONDS,1.0,120999.0,0,0,False
cic2018,TCP_FLAGS,0.0,223.0,0,7770064,False
cic2018,CLIENT_TCP_FLAGS,0.0,223.0,0,7770064,False
cic2018,SERVER_TCP_FLAGS,0.0,223.0,0,9403928,False
cic2018,DURATION_IN,0.0,120999.0,0,8777753,False
cic2018,DURATION_OUT,0.0,120999.0,0,10892098,False
cic2018,MIN_TTL,0.0,255.0,0,7938061,False
cic2018,MAX_TTL,0.0,255.0,0,7938061,False
cic2018,LONGEST_FLOW_PKT,28.0,65212.0,0,0,False
cic2018,SHORTEST_FLOW_PKT,28.0,1500.0,0,0,False
cic2018,MIN_IP_PKT_LEN,0.0,330.0,0,1975355,False
cic2018,MAX_IP_PKT_LEN,28.0,65212.0,0,0,False
cic2018,SRC_TO_DST_SECOND_BYTES,0.0,46938.0,0,11098928,False
cic2018,DST_TO_SRC_SECOND_BYTES,0.0,2015.0,0,13120239,False
cic2018,RETRANSMITTED_IN_BYTES,0.0,366000.0,0,18576086,False
cic2018,RETRANSMITTED_IN_PKTS,0.0,264.0,0,18576086,False
cic2018,RETRANSMITTED_OUT_BYTES,0.0,12236023.0,0,19498108,False
cic2018,RETRANSMITTED_OUT_PKTS,0.0,8193.0,0,19498108,False
cic2018,SRC_TO_DST_AVG_THROUGHPUT,5.0,19576000.0,0,0,False
cic2018,DST_TO_SRC_AVG_THROUGHPUT,0.0,375060258.0,0,1975367,False
cic2018,NUM_PKTS_UP_TO_128_BYTES,0.0,309957.0,0,165427,False
cic2018,NUM_PKTS_128_TO_256_BYTES,0.0,1808.0,0,10206906,False
cic2018,NUM_PKTS_256_TO_512_BYTES,0.0,1693.0,0,13057471,False
cic2018,NUM_PKTS_512_TO_1024_BYTES,0.0,1845.0,0,13435298,False
cic2018,NUM_PKTS_1024_TO_1514_BYTES,0.0,110111.0,0,15336924,False
cic2018,TCP_WIN_MAX_IN,0.0,65535.0,0,8521497,False
cic2018,TCP_WIN_MAX_OUT,0.0,65535.0,0,10024902,False
cic2018,ICMP_TYPE,0.0,65280.0,0,18527820,False
cic2018,ICMP_IPV4_TYPE,0.0,255.0,0,18527821,False
cic2018,DNS_QUERY_TYPE,0.0,255.0,0,12688819,False
cic2018,DNS_TTL_ANSWER,0.0,3600000.0,0,12844163,False
cic2018,FTP_COMMAND_RET_CODE,0.0,0.0,0,20115529,True
cic2018,SRC_TO_DST_IAT_MIN,0.0,60947.0,0,14998179,False
cic2018,SRC_TO_DST_IAT_MAX,0.0,60970.0,0,8356835,False
cic2018,SRC_TO_DST_IAT_AVG,0.0,60947.0,0,8637587,False
cic2018,SRC_TO_DST_IAT_STDDEV,0.0,30403.0,0,10581406,False
cic2018,DST_TO_SRC_IAT_MIN,0.0,60935.0,0,15149538,False
cic2018,DST_TO_SRC_IAT_MAX,0.0,60935.0,0,10427778,False
cic2018,DST_TO_SRC_IAT_AVG,0.0,60935.0,0,10693927,False
cic2018,DST_TO_SRC_IAT_STDDEV,0.0,30343.0,0,11602350,False
