feature,auroc_alone,distinct_values,dataset
MIN_IP_PKT_LEN,0.9958,77,unsw
SHORTEST_FLOW_PKT,0.9695,642,unsw
SERVER_TCP_FLAGS,0.9567,13,unsw
DST_TO_SRC_AVG_THROUGHPUT,0.9227,131312,unsw
SRC_TO_DST_SECOND_BYTES,0.9225,165637,unsw
OUT_PKTS,0.8818,916,unsw
RETRANSMITTED_OUT_PKTS,0.8779,530,unsw
OUT_BYTES,0.8767,9808,unsw
NUM_PKTS_UP_TO_128_BYTES,0.8733,790,unsw
RETRANSMITTED_OUT_BYTES,0.8662,7388,unsw
SRC_TO_DST_IAT_AVG,0.8562,1208,unsw
DST_TO_SRC_IAT_AVG,0.8419,958,unsw
TCP_FLAGS,0.835,13,unsw
IN_PKTS,0.8298,690,unsw
DST_TO_SRC_SECOND_BYTES,0.8288,152422,unsw
CLIENT_TCP_FLAGS,0.8169,13,unsw
SRC_TO_DST_IAT_STDDEV,0.7944,1810,unsw
SRC_TO_DST_AVG_THROUGHPUT,0.7924,100180,unsw
RETRANSMITTED_IN_PKTS,0.7893,318,unsw
DST_TO_SRC_IAT_STDDEV,0.7816,1516,unsw
L7_PROTO,0.776,122,unsw
IN_BYTES,0.7636,8128,unsw
SRC_TO_DST_IAT_MAX,0.7357,7612,unsw
RETRANSMITTED_IN_BYTES,0.7152,5308,unsw
DST_TO_SRC_IAT_MAX,0.7141,7390,unsw
FLOW_DURATION_MILLISECONDS,0.6799,13588,unsw
NUM_PKTS_1024_TO_1514_BYTES,0.6795,777,unsw
DURATION_IN,0.6667,13562,unsw
MAX_IP_PKT_LEN,0.6496,1365,unsw
LONGEST_FLOW_PKT,0.6496,1365,unsw
TCP_WIN_MAX_OUT,0.6407,1610,unsw
DURATION_OUT,0.6119,13332,unsw
NUM_PKTS_256_TO_512_BYTES,0.5854,136,unsw
TCP_WIN_MAX_IN,0.5785,2394,unsw
NUM_PKTS_512_TO_1024_BYTES,0.5746,136,unsw
FTP_COMMAND_RET_CODE,0.5596,16,unsw
ICMP_IPV4_TYPE,0.5383,256,unsw
ICMP_TYPE,0.5382,712,unsw
NUM_PKTS_128_TO_256_BYTES,0.5216,70,unsw
PROTOCOL,0.5031,92,unsw
DNS_QUERY_TYPE,0.5012,16,unsw
DNS_TTL_ANSWER,0.5007,47,unsw
SRC_TO_DST_IAT_MIN,0.5001,48,unsw
DST_TO_SRC_IAT_MIN,0.5001,33,unsw
SERVER_TCP_FLAGS,0.8279,19,ton
TCP_WIN_MAX_OUT,0.7821,749,ton
CLIENT_TCP_FLAGS,0.7594,21,ton
OUT_BYTES,0.756,6026,ton
TCP_WIN_MAX_IN,0.7489,2036,ton
TCP_FLAGS,0.7485,22,ton
DST_TO_SRC_IAT_STDDEV,0.7052,1763,ton
OUT_PKTS,0.7033,315,ton
NUM_PKTS_UP_TO_128_BYTES,0.7013,1757,ton
MAX_IP_PKT_LEN,0.689,1439,ton
LONGEST_FLOW_PKT,0.689,1439,ton
DST_TO_SRC_IAT_MAX,0.6779,3299,ton
DURATION_OUT,0.6748,3677,ton
DST_TO_SRC_IAT_AVG,0.6618,1676,ton
DST_TO_SRC_AVG_THROUGHPUT,0.6584,82734,ton
SRC_TO_DST_SECOND_BYTES,0.6504,1022,ton
IN_PKTS,0.6496,1158,ton
MIN_IP_PKT_LEN,0.6438,88,ton
NUM_PKTS_256_TO_512_BYTES,0.625,155,ton
IN_BYTES,0.6187,10111,ton
ICMP_TYPE,0.5926,267,ton
ICMP_IPV4_TYPE,0.5926,256,ton
NUM_PKTS_1024_TO_1514_BYTES,0.5889,350,ton
SRC_TO_DST_IAT_MIN,0.5825,1997,ton
SHORTEST_FLOW_PKT,0.5749,331,ton
SRC_TO_DST_IAT_AVG,0.5612,2824,ton
SRC_TO_DST_IAT_MAX,0.5577,4302,ton
L7_PROTO,0.5439,113,ton
DNS_QUERY_TYPE,0.5424,12,ton
DST_TO_SRC_SECOND_BYTES,0.5411,1157,ton
DNS_TTL_ANSWER,0.5384,4915,ton
SRC_TO_DST_AVG_THROUGHPUT,0.5371,100734,ton
SRC_TO_DST_IAT_STDDEV,0.5355,2410,ton
RETRANSMITTED_OUT_PKTS,0.5342,36,ton
RETRANSMITTED_OUT_BYTES,0.5338,531,ton
FLOW_DURATION_MILLISECONDS,0.5317,4716,ton
DURATION_IN,0.5314,3700,ton
PROTOCOL,0.5294,5,ton
DST_TO_SRC_IAT_MIN,0.5198,1397,ton
NUM_PKTS_128_TO_256_BYTES,0.5164,504,ton
RETRANSMITTED_IN_BYTES,0.5143,1009,ton
RETRANSMITTED_IN_PKTS,0.5142,38,ton
NUM_PKTS_512_TO_1024_BYTES,0.5112,61,ton
FTP_COMMAND_RET_CODE,0.5086,13,ton
TCP_WIN_MAX_IN,0.7872,4659,cic2018
NUM_PKTS_128_TO_256_BYTES,0.7715,105,cic2018
NUM_PKTS_512_TO_1024_BYTES,0.7345,103,cic2018
DST_TO_SRC_IAT_MIN,0.7337,7221,cic2018
NUM_PKTS_1024_TO_1514_BYTES,0.7195,761,cic2018
L7_PROTO,0.6886,74,cic2018
TCP_FLAGS,0.6683,38,cic2018
DST_TO_SRC_SECOND_BYTES,0.6591,167,cic2018
SRC_TO_DST_IAT_MIN,0.6561,4617,cic2018
CLIENT_TCP_FLAGS,0.6487,40,cic2018
DURATION_OUT,0.6412,42033,cic2018
TCP_WIN_MAX_OUT,0.6339,3574,cic2018
SRC_TO_DST_SECOND_BYTES,0.6333,554,cic2018
SERVER_TCP_FLAGS,0.6302,31,cic2018
DST_TO_SRC_IAT_AVG,0.6138,14550,cic2018
DST_TO_SRC_IAT_MAX,0.5875,19699,cic2018
PROTOCOL,0.5706,5,cic2018
DNS_QUERY_TYPE,0.5705,6,cic2018
DNS_TTL_ANSWER,0.5695,62,cic2018
IN_PKTS,0.5655,658,cic2018
IN_BYTES,0.5644,11453,cic2018
DST_TO_SRC_AVG_THROUGHPUT,0.5587,39324,cic2018
MAX_IP_PKT_LEN,0.5549,1397,cic2018
OUT_PKTS,0.5549,862,cic2018
LONGEST_FLOW_PKT,0.5549,1397,cic2018
MIN_IP_PKT_LEN,0.5505,83,cic2018
SRC_TO_DST_IAT_AVG,0.548,13927,cic2018
SHORTEST_FLOW_PKT,0.5443,127,cic2018
NUM_PKTS_UP_TO_128_BYTES,0.5376,717,cic2018
FLOW_DURATION_MILLISECONDS,0.5364,50491,cic2018
DURATION_IN,0.5274,49955,cic2018
ICMP_TYPE,0.5271,262,cic2018
ICMP_IPV4_TYPE,0.5271,256,cic2018
DST_TO_SRC_IAT_STDDEV,0.5269,19447,cic2018
RETRANSMITTED_IN_PKTS,0.5255,27,cic2018
SRC_TO_DST_IAT_MAX,0.5251,27469,cic2018
SRC_TO_DST_AVG_THROUGHPUT,0.5234,30380,cic2018
RETRANSMITTED_IN_BYTES,0.516,1979,cic2018
SRC_TO_DST_IAT_STDDEV,0.5108,21020,cic2018
RETRANSMITTED_OUT_BYTES,0.5102,1228,cic2018
OUT_BYTES,0.51,22235,cic2018
NUM_PKTS_256_TO_512_BYTES,0.5091,113,cic2018
RETRANSMITTED_OUT_PKTS,0.509,66,cic2018
FTP_COMMAND_RET_CODE,0.5,1,cic2018
