feature,gain_share,dataset
MIN_IP_PKT_LEN,0.7834018309850642,unsw
SHORTEST_FLOW_PKT,0.1941402462454234,unsw
OUT_PKTS,0.00858823679854295,unsw
DST_TO_SRC_AVG_THROUGHPUT,0.002011322845380047,unsw
SERVER_TCP_FLAGS,0.0014323036996226955,unsw
L7_PROTO,0.0013190151650912915,unsw
TCP_FLAGS,0.0010987170527109707,unsw
NUM_PKTS_UP_TO_128_BYTES,0.0008921828761107035,unsw
LONGEST_FLOW_PKT,0.0006441635465776587,unsw
TCP_WIN_MAX_IN,0.0006350541401572248,unsw
DNS_TTL_ANSWER,0.000601825907159636,unsw
PROTOCOL,0.0005207194582126502,unsw
OUT_BYTES,0.0004968881723898453,unsw
SRC_TO_DST_IAT_AVG,0.0003700927679274707,unsw
IN_BYTES,0.0003227771326941475,unsw
SRC_TO_DST_IAT_MIN,0.0002950981029010427,unsw
IN_PKTS,0.00024176447347778307,unsw
FLOW_DURATION_MILLISECONDS,0.00024075197684692462,unsw
CLIENT_TCP_FLAGS,0.00023560433063512048,unsw
RETRANSMITTED_IN_BYTES,0.00022863670416066676,unsw
SRC_TO_DST_IAT_MAX,0.00022511458894531268,unsw
DURATION_OUT,0.00022368425050543452,unsw
SRC_TO_DST_AVG_THROUGHPUT,0.00019264771052852737,unsw
ICMP_TYPE,0.00018394387036399398,unsw
DST_TO_SRC_SECOND_BYTES,0.00017465067976800644,unsw
RETRANSMITTED_OUT_PKTS,0.00015081696135852828,unsw
DNS_QUERY_TYPE,0.0001304543076301935,unsw
DURATION_IN,0.0001260845711029408,unsw
RETRANSMITTED_IN_PKTS,0.00012585847568603932,unsw
DST_TO_SRC_IAT_AVG,0.00010508313813338994,unsw
MAX_IP_PKT_LEN,0.00010135060417080592,unsw
RETRANSMITTED_OUT_BYTES,9.764142754507458e-05,unsw
NUM_PKTS_128_TO_256_BYTES,7.22840595990487e-05,unsw
DST_TO_SRC_IAT_MAX,6.862695834728391e-05,unsw
ICMP_IPV4_TYPE,6.417597229894957e-05,unsw
NUM_PKTS_256_TO_512_BYTES,5.511815135655504e-05,unsw
FTP_COMMAND_RET_CODE,5.040302130763708e-05,unsw
DST_TO_SRC_IAT_STDDEV,4.910991003726204e-05,unsw
SRC_TO_DST_IAT_STDDEV,3.699115176963683e-05,unsw
SRC_TO_DST_SECOND_BYTES,2.65671349679062e-05,unsw
NUM_PKTS_512_TO_1024_BYTES,1.2209556536047276e-05,unsw
NUM_PKTS_1024_TO_1514_BYTES,5.4857486602477645e-06,unsw
TCP_WIN_MAX_OUT,4.46536829471544e-06,unsw
DST_TO_SRC_IAT_MIN,0.0,unsw
TCP_WIN_MAX_IN,0.42657126012184604,ton
SERVER_TCP_FLAGS,0.1764279986837814,ton
TCP_FLAGS,0.046545547773752124,ton
CLIENT_TCP_FLAGS,0.04260878042774845,ton
IN_BYTES,0.03566909140413773,ton
TCP_WIN_MAX_OUT,0.03241579245941032,ton
L7_PROTO,0.03058857743922593,ton
LONGEST_FLOW_PKT,0.029178843285256,ton
OUT_BYTES,0.021260299278207346,ton
SHORTEST_FLOW_PKT,0.016386398858302873,ton
MIN_IP_PKT_LEN,0.014754762651378784,ton
DURATION_IN,0.013672597623301645,ton
DURATION_OUT,0.011557874232619983,ton
IN_PKTS,0.011439322580643334,ton
DST_TO_SRC_IAT_MAX,0.010945182123037354,ton
SRC_TO_DST_AVG_THROUGHPUT,0.008242966429265433,ton
NUM_PKTS_UP_TO_128_BYTES,0.007188773251837533,ton
DST_TO_SRC_IAT_STDDEV,0.005919344997614781,ton
PROTOCOL,0.005390207959714733,ton
OUT_PKTS,0.004972451143403206,ton
MAX_IP_PKT_LEN,0.004950418218755998,ton
SRC_TO_DST_IAT_STDDEV,0.004768338055303068,ton
SRC_TO_DST_IAT_AVG,0.0037690564930892723,ton
SRC_TO_DST_IAT_MAX,0.0036292065108937655,ton
DST_TO_SRC_AVG_THROUGHPUT,0.003618741130730405,ton
DNS_TTL_ANSWER,0.003409059140622025,ton
FLOW_DURATION_MILLISECONDS,0.0030306988361917466,ton
NUM_PKTS_256_TO_512_BYTES,0.0029440736833403454,ton
NUM_PKTS_128_TO_256_BYTES,0.0026385920176870675,ton
NUM_PKTS_512_TO_1024_BYTES,0.001885853052420709,ton
ICMP_TYPE,0.0017097738492060576,ton
SRC_TO_DST_SECOND_BYTES,0.0016814565155795647,ton
SRC_TO_DST_IAT_MIN,0.0016465330129791862,ton
DST_TO_SRC_IAT_AVG,0.001623958686239369,ton
DST_TO_SRC_SECOND_BYTES,0.0012693808082574474,ton
DST_TO_SRC_IAT_MIN,0.0010064435852122516,ton
NUM_PKTS_1024_TO_1514_BYTES,0.0009744517115457274,ton
RETRANSMITTED_OUT_BYTES,0.0009033620447048069,ton
RETRANSMITTED_IN_BYTES,0.0008821708769248293,ton
RETRANSMITTED_OUT_PKTS,0.0006833302217192634,ton
RETRANSMITTED_IN_PKTS,0.0006005584856506546,ton
DNS_QUERY_TYPE,0.00047915891687433924,ton
FTP_COMMAND_RET_CODE,0.00010877826883133765,ton
ICMP_IPV4_TYPE,5.053315275580099e-05,ton
