dataset,feature,witnesses_changing_it,share_of_witnesses
unsw,SRC_TO_DST_IAT_MAX,4988,0.9976
unsw,SRC_TO_DST_IAT_AVG,4895,0.979
unsw,DST_TO_SRC_IAT_AVG,4744,0.9488
unsw,DST_TO_SRC_IAT_MAX,4563,0.9126
unsw,SRC_TO_DST_SECOND_BYTES,4430,0.886
unsw,SRC_TO_DST_IAT_STDDEV,4405,0.881
unsw,DST_TO_SRC_IAT_STDDEV,4367,0.8734
unsw,DST_TO_SRC_SECOND_BYTES,4086,0.8172
unsw,SHORTEST_FLOW_PKT,4013,0.8026
unsw,SRC_TO_DST_IAT_MIN,151,0.0302
ton,SRC_TO_DST_IAT_MIN,445,0.9213250517598344
ton,SRC_TO_DST_IAT_MAX,381,0.7888198757763976
ton,SRC_TO_DST_IAT_AVG,303,0.6273291925465838
ton,SRC_TO_DST_IAT_STDDEV,293,0.6066252587991718
ton,DST_TO_SRC_IAT_MIN,287,0.5942028985507246
ton,DST_TO_SRC_IAT_AVG,224,0.463768115942029
ton,DST_TO_SRC_IAT_MAX,220,0.4554865424430642
ton,DST_TO_SRC_IAT_STDDEV,216,0.4472049689440994
ton,SRC_TO_DST_SECOND_BYTES,162,0.33540372670807456
ton,DST_TO_SRC_SECOND_BYTES,57,0.11801242236024845
ton,SHORTEST_FLOW_PKT,1,0.002070393374741201
ton,MIN_IP_PKT_LEN,1,0.002070393374741201
