dataset,variant,weighting,auroc,pr_auc,recall,false_alarm_rate,precision
unsw,v1 (notebook 02),distinct records,0.9999957399044154,0.9999515567066366,1.0,0.0099997929649489,0.9087646392142048
unsw,v1 (notebook 02),multiplicity,0.9999908559252642,0.9998179235015736,1.0,0.0601853169970927,0.4729770907781379
ton,v1 (notebook 02),distinct records,0.9780421950672348,0.9921915902669926,0.5485112420775513,0.0099956725619142,0.9945408333268758
ton,v1 (notebook 02),multiplicity,0.92915612561764,0.9550941864566492,0.5426031499254053,0.0021229688903404,0.9968867630826704
unsw,v2a_no_timing,distinct records,0.9999965697372777,0.9999592353654041,1.0,0.009999792964948967,0.9087646392142048
unsw,v2a_no_timing,multiplicity,0.9999934782982294,0.9998679421783492,1.0,0.059584254698567256,0.47547968475869556
unsw,v2b_certifiable,distinct records,0.9999967729518939,0.999964343935885,1.0,0.00982726375575385,0.9101973891656682
unsw,v2b_certifiable,multiplicity,0.999993823291232,0.9998769911538842,1.0,0.061830329603583596,0.46626068434419293
unsw,v2c_shaping_monotone,distinct records,0.9999972563636046,0.999970549491613,1.0,0.008405623071986086,0.9221774966455818
unsw,v2c_shaping_monotone,multiplicity,0.9999900087284304,0.9998109010739797,1.0,0.0586320454782716,0.47949898899123794
ton,v2a_no_timing,distinct records,0.9779493048770034,0.9921511721002848,0.5565693820596871,0.009995672561914288,0.9946194471281442
ton,v2a_no_timing,multiplicity,0.9895517399575197,0.9910947619752263,0.5477957513571033,0.0021244534839701,0.9969140328479746
ton,v2b_certifiable,distinct records,0.9748944921491167,0.9909282254276126,0.5166056233893336,0.009889260149970559,0.9942669605843258
ton,v2b_certifiable,multiplicity,0.95462618436533,0.9671511264139888,0.42966110632509097,0.002103669173155578,0.9961071963297208
ton,v2c_shaping_monotone,distinct records,0.9744238087602999,0.9907725150555023,0.5185074384474351,0.009967295918729293,0.9942430537629121
ton,v2c_shaping_monotone,multiplicity,0.8691232466639389,0.9302370754752622,0.42753287442839316,0.0021185151094516652,0.9960603944022814
