dataset,variant,flows_tested,budget,flows,certified_share,certified,witness_share,witness,unresolved_share,unresolved,out_of_model,over_time,median_seconds,p95_seconds
unsw,v2a_no_timing,clean,primary,5000,0.0,0,0.9998,4999,0.0002,1,1,0,0.04821072300001106,0.07406101444999537
unsw,v2b_certifiable,clean,primary,5000,0.0,0,1.0,5000,0.0,0,0,0,0.06805473500003245,0.09405639020002354
unsw,v2c_shaping_monotone,clean,primary,5000,0.998,4990,0.0018,9,0.0002,1,1,0,0.003829399499977626,0.0063509409499829415
ton,v2a_no_timing,clean,primary,5000,0.4544,2272,0.0292,146,0.5164,2582,1,10,1.0474996185000691,2.870309725150128
ton,v2b_certifiable,clean,primary,5000,0.8172,4086,0.0104,52,0.1724,862,2,1,0.005945736499825216,1.257523555949888
ton,v2c_shaping_monotone,clean,primary,5000,0.9996,4998,0.0,0,0.0004,2,2,0,0.0042913775000670284,0.006750727700091374
unsw,v2b_certifiable,clean,low,1000,0.0,0,1.0,1000,0.0,0,0,0,0.06661819899977672,0.08587635714991392
unsw,v2b_certifiable,clean,high,1000,0.0,0,1.0,1000,0.0,0,0,0,0.06674948099998801,0.08863310795006782
ton,v2b_certifiable,missed,primary,1000,0.125,125,0.092,92,0.783,783,0,0,1.1413349945000846,1.3986604178000106
ton,v2b_certifiable,clean,low,1000,0.958,958,0.005,5,0.037,37,0,0,0.004734878500130435,0.8588514897001231
ton,v2b_certifiable,clean,high,1000,0.945,945,0.002,2,0.053,53,0,0,0.005520635000038965,1.0196363413997682
