dataset,detector,flagged_attacked,out_of_model_skipped,clean_recall,guaranteed_floor_recall,random_evasion_rate,adaptive_evasion_rate,recall_under_random,recall_under_adaptive,seconds,floor_flows_attacked
unsw,v1,2000,0,1.0,0.0,0.0,0.0015,1.0,0.9985,407.27090883255005,
unsw,invariant,2000,0,1.0,1.0,0.0,0.0,1.0,1.0,529.1932938098907,
unsw,v2c,2000,0,1.0,1.0,0.0,0.0,1.0,1.0,512.1228394508362,
unsw,two_layer,0,0,1.0,1.0,0.0,0.0,1.0,1.0,171.91994524002075,500.0
ton,v1,2000,0,0.5319318378077565,0.0,1.0,1.0,0.0,0.0,585.923269033432,
ton,invariant,2000,0,0.48206712594269924,0.48206712594269924,0.0,0.0,0.48206712594269924,0.48206712594269924,576.0516493320465,
ton,v2c,2000,0,0.5046247433363398,0.5046247433363398,0.0,0.0,0.5046247433363398,0.5046247433363398,569.7324140071869,
ton,two_layer,2000,0,0.5012553331670216,0.4458847460229126,0.903,0.9585,0.4512556929758912,0.44818262538939313,1147.6389093399048,500.0
cic2018,v1,1999,1,0.9791156114507311,0.0,0.2191095547773887,0.4487243621810905,0.7645820257501708,0.5397625832009533,586.3005967140198,
cic2018,invariant,1999,1,0.9745846012980368,0.9745846012980368,0.0,0.0,0.9745846012980368,0.9745846012980368,575.2694416046143,
cic2018,v2c,1998,2,0.9752309266690006,0.9752309266690006,0.0,0.0,0.9752309266690006,0.9752309266690006,557.6326208114624,
cic2018,two_layer,549,0,0.9781595885061805,0.974463415290981,0.9380692167577414,0.9817850637522769,0.9746923221931973,0.9745307408504564,471.89314246177673,500.0
