dataset,detector,weighting,recall,false_alarm_rate,auroc,pr_auc
unsw,v1,distinct records,1.0,0.010212056748601213,0.9999973277971401,0.9999705508032746
unsw,v1,multiplicity,1.0,0.059827973283228794,0.9999931675391331,0.9998647806716315
unsw,invariant,distinct records,1.0,0.0073808377716702124,0.9999963444134843,0.999957227728625
unsw,invariant,multiplicity,1.0,0.05941354297235521,0.9999912258363113,0.9998113959886181
unsw,v2c,distinct records,1.0,0.008271093098968443,0.9999981926600385,0.9999812277971468
unsw,v2c,multiplicity,1.0,0.05835077076410271,0.9999915130981701,0.9998295759987168
unsw,two_layer,distinct records,1.0,0.0067493775976563515,,
unsw,two_layer,multiplicity,1.0,0.057646493487342076,,
ton,v1,distinct records,0.5319318378077565,0.012527575157399804,0.9720234974588527,0.9899791900405857
ton,v1,multiplicity,0.5593173518017832,0.0028763369381642197,0.9927104294657643,0.9923301333749929
ton,invariant,distinct records,0.48206712594269924,0.014899977993548353,0.9650506708133925,0.9870969704603935
ton,invariant,multiplicity,0.48989752881526255,0.003387496858369849,0.9824673794342622,0.9832034616636243
ton,v2c,distinct records,0.5046247433363398,0.014508155805677665,0.9673136689310039,0.9882205274204345
ton,v2c,multiplicity,0.49925066178853655,0.0033146474635661963,0.9866463172088811,0.9874042531942336
ton,two_layer,distinct records,0.5012553331670216,0.010160539748482359,,
ton,two_layer,multiplicity,0.5328838754162688,0.0023396797297773114,,
cic2018,v1,distinct records,0.9791156114507311,0.010083137724326903,0.9965470895703389,0.9885750043633157
cic2018,v1,multiplicity,0.9878670597617959,0.007146855272473857,0.9981735786475495,0.9950937972033509
cic2018,invariant,distinct records,0.9745846012980368,0.009833755724096224,0.9945792499972156,0.9847244856623667
cic2018,invariant,multiplicity,0.9847248533676932,0.1312556298166209,0.9946106473293108,0.9896184996409222
cic2018,v2c,distinct records,0.9752309266690006,0.009809440979073733,0.9952348288974052,0.9856422611535285
cic2018,v2c,multiplicity,0.9850936794230986,0.006794702134048019,0.9975618886728709,0.9937417856258396
cic2018,two_layer,distinct records,0.9781595885061805,0.007856779917267522,,
cic2018,two_layer,multiplicity,0.9873018458067591,0.005419822144130719,,
