dataset,family,v1,invariant,v2c,two_layer
cic2018,Benign,0.010083137724326903,0.009833755724096224,0.009809440979073733,0.007856779917267522
cic2018,Bot,1.0,1.0,1.0,1.0
cic2018,Brute_Force_-Web,0.9243697478991597,0.9495798319327731,0.9243697478991597,0.9243697478991597
cic2018,DDOS_attack-HOIC,1.0,1.0,1.0,1.0
cic2018,DDOS_attack-LOIC-UDP,1.0,1.0,1.0,1.0
cic2018,DDoS_attacks-LOIC-HTTP,1.0,1.0,1.0,1.0
cic2018,DoS_attacks-GoldenEye,1.0,1.0,1.0,1.0
cic2018,DoS_attacks-Hulk,0.999728960563762,0.9996612007047025,0.9996612007047025,0.9996612007047025
cic2018,DoS_attacks-Slowloris,1.0,1.0,1.0,1.0
cic2018,Infilteration,0.41545161901155087,0.2876349176292369,0.30619200908918764,0.38856277220223445
cic2018,SQL_Injection,0.8888888888888888,0.8888888888888888,0.9444444444444444,0.9444444444444444
cic2018,SSH-Bruteforce,1.0,1.0,1.0,1.0
ton,Backdoor,0.9912214697767745,0.9714070729872084,0.9711562578379734,0.9912214697767745
ton,Benign,0.012527575157399804,0.014899977993548353,0.014508155805677665,0.010160539748482359
ton,ddos,0.9609517113618355,0.8887698505697099,0.8942381733569922,0.9555615074715145
ton,dos,0.8904639175257731,0.5326850984067479,0.6736176194939082,0.8892924086223055
ton,injection,0.9334243769204507,0.817610996481957,0.8879273234669793,0.926180474119376
ton,mitm,0.7104700854700855,0.011752136752136752,0.6698717948717948,0.6581196581196581
ton,password,0.8058508512508992,0.7621220598600504,0.7429171420059438,0.7898213208739945
ton,ransomware,0.054770318021201414,0.030035335689045935,0.0088339222614841,0.053003533568904596
ton,scanning,0.0007026419336706015,0.0005621135469364812,0.001405283867341203,0.0011242270938729624
ton,xss,0.1953772012558302,0.17246992855204848,0.20383338286024366,0.14386167779945477
unsw,Analysis,1.0,1.0,1.0,1.0
unsw,Backdoor,1.0,1.0,1.0,1.0
unsw,Benign,0.010212056748601213,0.0073808377716702124,0.008271093098968443,0.0067493775976563515
unsw,DoS,1.0,1.0,1.0,1.0
unsw,Exploits,1.0,1.0,1.0,1.0
unsw,Fuzzers,1.0,1.0,1.0,1.0
unsw,Generic,1.0,1.0,1.0,1.0
unsw,Reconnaissance,1.0,1.0,1.0,1.0
unsw,Shellcode,1.0,1.0,1.0,1.0
unsw,Worms,1.0,1.0,1.0,1.0
