dataset,detector,flows,certified_share,certified,witness_share,witness,unresolved_share,unresolved,out_of_model,over_time,median_seconds,p95_seconds
unsw,v2c,5000,0.9984,4992,0.0,0,0.0016,8,0,0,0.0035714240000288555,0.005772769499776587
unsw,invariant,5000,0.9972,4986,0.0,0,0.0028,14,0,0,0.003332770000270102,0.005368763700244017
unsw,two_layer,5000,1.0,5000,0.0,0,0.0,0,0,0,0.004141060500160165,0.005824907049759531
ton,v2c,5000,0.9996,4998,0.0,0,0.0004,2,2,0,0.004304898499867704,0.006847234099905108
ton,invariant,5000,0.9998,4999,0.0,0,0.0002,1,1,0,0.0041928319999442465,0.006829407649775021
ton,two_layer,5000,0.998,4990,0.0,0,0.002,10,8,0,0.005027729000175896,0.007826633800073068
cic2018,v2c,5000,1.0,5000,0.0,0,0.0,0,0,0,0.004558361999670524,0.0074324615498198915
cic2018,invariant,5000,1.0,5000,0.0,0,0.0,0,0,0,0.004406286999937947,0.006925770199950421
cic2018,two_layer,5000,1.0,5000,0.0,0,0.0,0,0,0,0.005028089499774069,0.007482946900267962
